[{"name":"clipboard","version":"2.0.6","src":{"file":"\/Library\/Frameworks\/R.framework\/Versions\/4.2\/Resources\/library\/xaringanExtra\/jslib\/clipboard","href":"https:\/\/unpkg.com\/clipboard@2\/dist\/"},"meta":null,"script":"clipboard.min.js","stylesheet":null,"head":null,"attachment":null,"all_files":false},{"name":"shareon","version":"1.4.1","src":{"file":"\/Library\/Frameworks\/R.framework\/Versions\/4.2\/Resources\/library\/xaringanExtra\/jslib\/shareon","href":"https:\/\/unpkg.com\/shareon@1.4.1\/dist\/"},"meta":null,"script":"shareon.min.js","stylesheet":"shareon.min.css","head":null,"attachment":null,"all_files":false},{"name":"xaringanExtra-shareagain","version":"0.2.6","src":{"file":"\/Library\/Frameworks\/R.framework\/Versions\/4.2\/Resources\/library\/xaringanExtra\/share-again"},"meta":null,"script":"shareagain.js","stylesheet":"shareagain.css","head":null,"attachment":null,"all_files":false}]
