"0","#Create prop variable for Q2_9: proportion or percentage of respondents in each education level for different levels of fear of AI."
"0","Q2Prop <- df1 %>%"
"0","  group_by(educ, Q2_9) %>%"
"0","  summarise(count = n(), .groups = ""keep"") %>%"
"0","  mutate(prop = count / sum(count))"
"0","   "
"0",""
"0","#Also reorder the education observations for Q2Prop"
"0","Q2Prop<- Q2Prop %>% "
"0","   mutate(educ = fct_relevel(educ, "
"0","            ""No HS"",""HS Graduate"",""Some College"",""2-Year College"",""4-Year College"", ""Post-Grad"")) "
"2","Warning: [38;5;253mThere were 29 warnings in `mutate()`.
The first warning was:[39m
[38;5;253m[36mℹ[38;5;253m In argument: `educ = fct_relevel(...)`.
[36mℹ[38;5;253m In group 1: `educ = ""2-Year College""`, `Q2_9 = ""Catastrophic""`.[39m
Caused by warning:
[33m![39m [38;5;253m5 unknown levels in `f`: No HS, HS Graduate, Some College, 4-Year College, and Post-Grad[39m
[38;5;253m[36mℹ[38;5;253m Run ]8;;ide:run:dplyr::last_dplyr_warnings()dplyr::last_dplyr_warnings()]8;; to see the 28 remaining warnings.[39m"
"0","#Reorder the legend "
"0",""
"0","Q2Prop$Q2_9 <- factor(Q2Prop$Q2_9, levels = c(""Minimal"", ""Minor"", ""Moderate"", ""Severe"", ""Catastrophic""))"
"0",""
"0","#The actual plot for Q2_9"
"0","plot2 <- ggplot(Q2Prop, aes(x = educ, y = prop, fill = factor(Q2_9))) +"
"0","  geom_bar(stat = ""identity"", position = ""stack"") +"
"0"," scale_fill_manual(values = c(""Minimal"" = ""#BDA0CB"", ""Minor"" = ""#A0CDD9"","
"0","                                ""Moderate"" = ""#C8D5B9"", ""Severe"" = ""#EEDD7B"", ""Catastrophic""=""#FFC777""))+"
"0","  labs(title = ""Education vs. Perceptions of Severity of AI Harms"","
"0","       x = ""Education Level"","
"0","       y = ""Proportion"", "
"0","       fill= """")"
"0",""
"0","plot2"
