"0","style_duo_accent("
"0","  primary_color = ""white"","
"0","  secondary_color = ""Dark Blue"","
"0","  header_font_google = google_font(""Source Sans Pro""),"
"0","  text_font_google   = google_font(""Libre Franklin"", ""300"", ""300i""),"
"0","  code_font_google   = google_font(""Anonymous Pro""),"
"0","  base_font_size = ""30px"","
"0","  text_font_size = ""1rem"","
"0","  header_h1_font_size = ""2.5rem"","
"0","  header_h2_font_size = ""2rem"","
"0","  header_h3_font_size = ""1.25rem"","
"0","  padding = ""8px 32px 8px 32px"","
"0",")"
"0",""
"0","font_add_google(""Poppins"", ""Poppins"")"
"0","font_add_google(""Libre Franklin"", ""Frank"")"
"0","showtext_auto()"
