"0",""
"0","#Create new variables:"
"0",""
"0","df1$Q1numeric <- df1$Q1_9 "
"0","df1$Q2numeric <- df1$Q2_9 "
"0",""
"0",""
"0","# Recode new variable Q1numeric into this scale"
"0","df1 <- df1 %>% "
"0","  mutate(Q1numeric = case_when("
"0","    Q1numeric == ""Very Unlikely"" ~ -3,"
"0","    Q1numeric == ""Unlikely"" ~ -2,"
"0","    Q1numeric == ""Somewhat Unlikely"" ~ -1,"
"0","    Q1numeric == ""Equally Likely as Unlikely"" ~ 0,"
"0","    Q1numeric == ""Somewhat Likely"" ~ 1,"
"0","    Q1numeric == ""Likely"" ~ 2,"
"0","    Q1numeric == ""Very Likely"" ~ 3"
"0","  ))"
"0",""
"0","# Recode new variable Q2numeric into this scale"
"0","df1 <- df1 %>% "
"0","  mutate(Q2numeric = case_when("
"0","    Q2numeric == ""Minimal"" ~ -2,"
"0","    Q2numeric == ""Minor"" ~ -1,"
"0","    Q2numeric == ""Moderate"" ~ 0,"
"0","    Q2numeric == ""Severe"" ~ 1,"
"0","    Q2numeric == ""Catastrophic"" ~ 2"
"0","  ))"
"0",""
"0","#Making sure the new variables are numeric"
"0",""
"0","df1$Q1numeric <- as.numeric(df1$Q1numeric)"
"0","df1$Q2numeric <- as.numeric(df1$Q2numeric)"
"0","df1 <- na.omit(df1)"
