"0","custom_y_labels2 <- c(""Minimal"", ""Minor"", ""Moderate"", ""Severe"", ""Catastrophic"")"
"0",""
"0","box2 <- ggplot(df1, aes(x = educ, y = Q2numeric, fill = gender)) +"
"0","  stat_boxplot(geom = ""errorbar"")+"
"0","  geom_boxplot() +"
"0","  labs(title = ""Education Level vs. Severity of AI Harms / Gender"","
"0","       x = ""Education Level"","
"0","       y = ""Severity of AI Harms"","
"0","       fill = ""Gender"")+"
"0","   scale_y_continuous(breaks = c(-2,-1,0,1,2), labels = custom_y_labels2)+"
"0","  scale_fill_manual(values = c(""Female"" = ""#BDA0CB"", ""Male"" = ""#A0CDD9""))"
