{"chunk_definitions":[{"row":44,"row_count":1,"visible":true,"expansion_state":0,"options":{"engine":"r","label":"setup","include":false},"document_id":"80D6176D","chunk_id":"csetup_chunk","chunk_label":"setup"},{"row":48,"row_count":1,"visible":true,"expansion_state":0,"options":{"engine":"r","label":"xaringan-panelset","echo":false},"document_id":"80D6176D","chunk_id":"cmyu7ofmckyy8","chunk_label":"xaringan-panelset"},{"row":52,"row_count":1,"visible":true,"expansion_state":0,"options":{"engine":"r","label":"xaringan-editable","echo":false},"document_id":"80D6176D","chunk_id":"cdzhgspjyip2z","chunk_label":"xaringan-editable"},{"row":59,"row_count":1,"visible":true,"expansion_state":0,"options":{"engine":"r","label":"xaringan-extra-styles","echo":false},"document_id":"80D6176D","chunk_id":"cxsdi94qfyv0s","chunk_label":"xaringan-extra-styles"},{"row":63,"row_count":1,"visible":true,"expansion_state":0,"options":{"engine":"r","label":"xaringanExtra-clipboard","echo":false},"document_id":"80D6176D","chunk_id":"chpudftm562jp","chunk_label":"xaringanExtra-clipboard"},{"row":68,"row_count":1,"visible":true,"expansion_state":0,"options":{"engine":"r","label":"share-again","echo":false},"document_id":"80D6176D","chunk_id":"cdbpf0civnlgd","chunk_label":"share-again"},{"row":88,"row_count":1,"visible":true,"expansion_state":0,"options":{"engine":"r","label":"xaringan-themer","include":false,"warning":false,"eval":true},"document_id":"80D6176D","chunk_id":"cnxebehahjsjs","chunk_label":"xaringan-themer"},{"row":133,"row_count":1,"visible":true,"expansion_state":0,"options":{"engine":"r","label":"unnamed-chunk-40"},"document_id":"80D6176D","chunk_id":"cvifnukntwg89","chunk_label":"unnamed-chunk-1"},{"row":151,"row_count":1,"visible":true,"expansion_state":0,"options":{"engine":"r","label":"unnamed-chunk-27"},"document_id":"80D6176D","chunk_id":"cquee7bh6qwll","chunk_label":"unnamed-chunk-3"},{"row":161,"row_count":1,"visible":true,"expansion_state":0,"options":{"engine":"r","label":"unnamed-chunk-28"},"document_id":"80D6176D","chunk_id":"capa3v0aocbyq","chunk_label":"unnamed-chunk-4"},{"row":176,"row_count":1,"visible":true,"expansion_state":0,"options":{"engine":"r","label":"unnamed-chunk-29"},"document_id":"80D6176D","chunk_id":"c9fndmu7hxr4s","chunk_label":"unnamed-chunk-5"},{"row":207,"row_count":1,"visible":true,"expansion_state":0,"options":{"engine":"r","label":"unnamed-chunk-31"},"document_id":"80D6176D","chunk_id":"cjnltsl4vq6fb","chunk_label":"unnamed-chunk-7"},{"row":221,"row_count":1,"visible":true,"expansion_state":0,"options":{"engine":"r","label":"unnamed-chunk-32"},"document_id":"80D6176D","chunk_id":"cx5t6t4bauhen","chunk_label":"unnamed-chunk-8"},{"row":259,"row_count":1,"visible":true,"expansion_state":0,"options":{"engine":"r","label":"unnamed-chunk-33"},"document_id":"80D6176D","chunk_id":"ccz25sqap4dyo","chunk_label":"unnamed-chunk-9"},{"row":275,"row_count":1,"visible":true,"expansion_state":0,"options":{"engine":"r","label":"unnamed-chunk-34"},"document_id":"80D6176D","chunk_id":"cxawcrlz8tqgs","chunk_label":"unnamed-chunk-10"},{"row":283,"row_count":1,"visible":true,"expansion_state":0,"options":{"engine":"r","echo":false,"label":"unnamed-chunk-35"},"document_id":"80D6176D","chunk_id":"cx0rar4w921km","chunk_label":"unnamed-chunk-11"},{"row":312,"row_count":1,"visible":true,"expansion_state":0,"options":{"engine":"r","label":"unnamed-chunk-36"},"document_id":"80D6176D","chunk_id":"c3eseyoa8xjlg","chunk_label":"unnamed-chunk-12"},{"row":351,"row_count":1,"visible":true,"expansion_state":0,"options":{"engine":"r","label":"unnamed-chunk-37"},"document_id":"80D6176D","chunk_id":"cvx2l16vsy92j","chunk_label":"unnamed-chunk-13"},{"row":397,"row_count":1,"visible":true,"expansion_state":0,"options":{"engine":"r","label":"unnamed-chunk-38"},"document_id":"80D6176D","chunk_id":"cxc8rkxxd1yn9","chunk_label":"unnamed-chunk-14"},{"row":431,"row_count":1,"visible":true,"expansion_state":0,"options":{"engine":"r","label":"unnamed-chunk-39"},"document_id":"80D6176D","chunk_id":"c8yz0m33oo3cu","chunk_label":"unnamed-chunk-15"}],"doc_write_time":1681863076,"working_dir":null,"default_chunk_options":{"fig.showtext":true,"fig.width":9.0,"fig.height":3.5,"fig.retina":3.0,"out.width":"100%","cache":false,"echo":true,"message":false,"warning":false,"hiline":true}}