"0","#We started off initially with a .sav file for our data and needed to convert this below: "
"0",""
"0","# Read the .sav file into df"
"0","#df <- read_sav(""YALE0065_OUTPUT.sav"")"
"0",""
"0","# Save the df as an .rds file"
"0","#saveRDS(df, ""YALE0065_OUTPUT.rds"")"
"0",""
"0","# Read the .rds file back into a data frame"
"0","df0 <- readRDS(""YALE0065_OUTPUT.rds"")"
"2","Warning: cannot open compressed file 'YALE0065_OUTPUT.rds', probable reason 'No such file or directory'"
"2","Error in gzfile(file, ""rb"") : cannot open the connection
"
