[{"name":"clipboard","version":"2.0.6","src":{"file":"\/Library\/Frameworks\/R.framework\/Versions\/4.2\/Resources\/library\/xaringanExtra\/jslib\/clipboard","href":"https:\/\/unpkg.com\/clipboard@2\/dist\/"},"meta":null,"script":"clipboard.min.js","stylesheet":null,"head":null,"attachment":null,"all_files":false},{"name":"xaringanExtra-clipboard","version":"0.2.6","src":{"file":"\/Library\/Frameworks\/R.framework\/Versions\/4.2\/Resources\/library\/xaringanExtra\/clipboard"},"meta":null,"script":"xaringanExtra-clipboard.js","stylesheet":"xaringanExtra-clipboard.css","head":null,"attachment":null,"all_files":false},{"name":"74ebc6e3-9e42-4079-9e2d-fe9b6de2e454","version":"9.9.9","src":{"file":"\/Library\/Frameworks\/R.framework\/Versions\/4.2\/Resources\/library\/xaringanExtra\/"},"meta":null,"script":null,"stylesheet":null,"head":"<script>window.xaringanExtraClipboard(null, {\"button\":\"Copy Code\",\"success\":\"Copied!\",\"error\":\"Press Ctrl+C to Copy\"})<\/script>","attachment":null,"all_files":false}]
