"0",""
"0","Q1Prop<- Q1Prop %>% "
"0","   mutate(educ = fct_relevel(educ, "
"0","            ""No HS"",""HS Graduate"",""Some College"",""2-Year College"",""4-Year College"", ""Post-Grad"")) "
"0",""
"0",""
"0","Q1Prop$Q1_9 <- factor(Q1Prop$Q1_9, levels = c(""Very Unlikely"", ""Unlikely"", ""Somewhat Unlikely"", ""Equally Likely as Unlikely"", ""Somewhat Likely"", ""Likely"", ""Very Likely""))"
"0",""
"0","plot1 <-ggplot(Q1Prop, aes(x = educ, y = prop, fill = factor(Q1_9))) +"
"0","  geom_bar(stat = ""identity"", position = ""stack"") +"
"0","  scale_fill_manual(values = c(""Very Unlikely"" = ""#BDA0CB"", ""Unlikely"" = ""#A0CDD9"","
"0","                                ""Somewhat Unlikely"" = ""#C8D5B9"", ""Equally Likely as Unlikely"" = ""#EEDD7B"", ""Somewhat Likely""=""#FFC777"", ""Likely""= ""#FEBF99"", ""Very Likely""=""#E6A9B1"", ""NA"" = ""grey68"")) +"
"0","  labs(title = ""Education vs. Perceptions of Likelihood AI Harms within 10 Years"","
"0","       x = ""Education Level"","
"0","       y = ""Proportion"", "
"0","        fill= """")"
