{"working_dir":null,"default_chunk_options":{"echo":true},"chunk_definitions":[{"row":8,"row_count":1,"visible":true,"expansion_state":0,"options":{"engine":"r","label":"setup","include":false},"document_id":"5CDDAC85","chunk_id":"csetup_chunk","chunk_label":"setup"},{"row":47,"row_count":1,"visible":true,"expansion_state":0,"options":{"engine":"r","label":"unnamed-chunk-20"},"document_id":"5CDDAC85","chunk_id":"c99plwq53ick2","chunk_label":"unnamed-chunk-1"},{"row":53,"row_count":1,"visible":true,"expansion_state":0,"options":{"engine":"r","label":"unnamed-chunk-21"},"document_id":"5CDDAC85","chunk_id":"cf4zmvbngybmi","chunk_label":"unnamed-chunk-2"},{"row":57,"row_count":1,"visible":true,"expansion_state":0,"options":{"engine":"r","label":"unnamed-chunk-22"},"document_id":"5CDDAC85","chunk_id":"c3xzt40m3k9db","chunk_label":"unnamed-chunk-3"},{"row":143,"row_count":1,"visible":true,"expansion_state":0,"options":{"engine":"r","label":"unnamed-chunk-23"},"document_id":"5CDDAC85","chunk_id":"cfii9gekwmwdv","chunk_label":"unnamed-chunk-4"},{"row":175,"row_count":1,"visible":true,"expansion_state":0,"options":{"engine":"r","label":"unnamed-chunk-24"},"document_id":"5CDDAC85","chunk_id":"c3e2kgni2epkp","chunk_label":"unnamed-chunk-5"}],"doc_write_time":1681859657}