"0","   "
"0","Q2Prop<- Q2Prop %>% "
"0","   mutate(educ = as_factor(educ) %>%"
"0","           fct_relevel(""No HS"", ""HS Graduate"", ""Some College"", ""2-Year College"", ""4-Year College"", ""Post-Grad""))"
"0",""
"0","Q2Prop$Q2_9 <- factor(Q2Prop$Q2_9, levels = c(""Minimal"", ""Minor"", ""Moderate"", ""Severe"", ""Catastrophic""))"
"0",""
"0","plot2 <- ggplot(Q2Prop, aes(x = educ, y = prop, fill = factor(Q2_9))) +"
"0","  geom_bar(stat = ""identity"", position = ""stack"") +"
"0"," scale_fill_manual(values = c(""Minimal"" = ""#BDA0CB"", ""Minor"" = ""#A0CDD9"","
"0","                                ""Moderate"" = ""#C8D5B9"", ""Severe"" = ""#EEDD7B"", ""Catastrophic""=""#FFC777""))+"
"0","  labs(title = ""Education vs. Perceptions of Severity of AI Harms"","
"0","       x = ""Education Level"","
"0","       y = ""Proportion"", "
"0","       fill= """")"
