"0","df1 <- df1 %>% "
"0","   mutate(educ = fct_relevel(educ, "
"0","            ""No HS"",""HS Graduate"",""Some College"",""2-Year College"",""4-Year College"", ""Post-Grad"")) "
"0",""
"0","custom_y_labels <- c(""Very Unlikely"", ""Unlikely"", ""Somewhat Unlikely"", ""Equally Likely as Unlikely"", ""Somewhat Likely"", ""Likely"", ""Very Likely"")"
"0",""
"0","box1 <- ggplot(df1, aes(x = educ, y = Q1numeric, fill = gender)) +"
"0","  stat_boxplot(geom = ""errorbar"")+"
"0","  geom_boxplot() +"
"0","  labs(title = ""Education Level vs. Likelihood of AI Harms within 10 Years / Gender"","
"0","       x = ""Education Level"","
"0","       y = ""Likelihood of AI Harms within 10 Years"","
"0","       fill = ""Gender"")+"
"0","    scale_y_continuous(breaks = c(-3,-2,-1,0,1,2,3), labels = custom_y_labels)+"
"0","  scale_fill_manual(values = c(""Female"" = ""#BDA0CB"", ""Male"" = ""#A0CDD9""))"
