"0","## Q1_9: "
"0",""
"0","#Create prop variable for Q1_9: proportion or percentage of respondents in each education level for different levels of fear of AI."
"0","Q1Prop <- df1 %>%"
"0","  group_by(educ, Q1_9) %>%"
"0","  summarise(count = n(), .groups = ""keep"") %>%"
"0","  mutate(prop = count / sum(count)) "
"0",""
"0",""
"0","#Now to go on to the plotting of Q1_9 in stacked bar graph "
"0",""
"0","#First reorder the education observations on x axis"
"0","Q1Prop<- Q1Prop %>% "
"0","   mutate(educ = fct_relevel(educ, "
"0","            ""No HS"",""HS Graduate"",""Some College"",""2-Year College"",""4-Year College"", ""Post-Grad"")) "
"2","Warning: [38;5;253mThere were 42 warnings in `mutate()`.
The first warning was:[39m
[38;5;253m[36mℹ[38;5;253m In argument: `educ = fct_relevel(...)`.
[36mℹ[38;5;253m In group 1: `educ = ""2-Year College""`, `Q1_9 = ""Equally Likely as Unlikely""`.[39m
Caused by warning:
[33m![39m [38;5;253m5 unknown levels in `f`: No HS, HS Graduate, Some College, 4-Year College, and Post-Grad[39m
[38;5;253m[36mℹ[38;5;253m Run ]8;;ide:run:dplyr::last_dplyr_warnings()dplyr::last_dplyr_warnings()]8;; to see the 41 remaining warnings.[39m"
"0","#Then reorder the legend"
"0",""
"0","Q1Prop$Q1_9 <- factor(Q1Prop$Q1_9, levels = c(""Very Unlikely"", ""Unlikely"", ""Somewhat Unlikely"", ""Equally Likely as Unlikely"", ""Somewhat Likely"", ""Likely"", ""Very Likely""))"
"0",""
"0","#Then the actual plot for Q1_9"
"0","plot1 <-ggplot(Q1Prop, aes(x = educ, y = prop, fill = factor(Q1_9))) +"
"0","  geom_bar(stat = ""identity"", position = ""stack"") +"
"0","  scale_fill_manual(values = c(""Very Unlikely"" = ""#BDA0CB"", ""Unlikely"" = ""#A0CDD9"","
"0","                                ""Somewhat Unlikely"" = ""#C8D5B9"", ""Equally Likely as Unlikely"" = ""#EEDD7B"", ""Somewhat Likely""=""#FFC777"", ""Likely""= ""#FEBF99"", ""Very Likely""=""#E6A9B1"", ""NA"" = ""grey68"")) +"
"0","  labs(title = ""Education vs. Perceptions of Likelihood AI Harms within 10 Years"","
"0","       x = ""Education Level"","
"0","       y = ""Proportion"", "
"0","        fill= """")"
"0","plot1"
