[{"name":"xaringanExtra-editable-id","version":"0.2.6","src":{"file":"."},"meta":null,"script":null,"stylesheet":null,"head":"<script type=\"application\/json\" id=\"xaringanExtra-editable-docid\">{\"id\":\"xb92406725f34128aa49da7f3394606c\",\"expires\":1}<\/script>","attachment":null,"package":null,"all_files":false},{"name":"himalaya","version":"1.1.0","src":{"file":"\/Library\/Frameworks\/R.framework\/Versions\/4.2\/Resources\/library\/xaringanExtra\/jslib\/himalaya"},"meta":null,"script":"himalaya.js","stylesheet":null,"head":null,"attachment":null,"all_files":true},{"name":"js-cookie","version":"3.0.0","src":{"file":"\/Library\/Frameworks\/R.framework\/Versions\/4.2\/Resources\/library\/xaringanExtra\/jslib\/js-cookie"},"meta":null,"script":"js.cookie.js","stylesheet":null,"head":null,"attachment":null,"all_files":false},{"name":"editable","version":"0.2.6","src":{"file":"\/Library\/Frameworks\/R.framework\/Versions\/4.2\/Resources\/library\/xaringanExtra\/editable"},"meta":null,"script":"editable.js","stylesheet":"editable.css","head":null,"attachment":null,"all_files":false}]
