"0","# Recode gender"
"0","df1 <- df1 %>% "
"0","  mutate(gender = case_when("
"0","    gender == 1 ~ ""Male"","
"0","    gender == 2 ~ ""Female"","
"0","    TRUE ~ as.character(gender)  # Keep other values unchanged"
"0","  ))"
"0",""
"0",""
"0","# Recode Q1_9"
"0","df1 <- df1 %>% "
"0","  mutate(Q1_9 = case_when("
"0","    Q1_9 == 1 ~ ""Very Unlikely"","
"0","    Q1_9 == 2 ~ ""Unlikely"","
"0","    Q1_9 == 3 ~ ""Somewhat Unlikely"","
"0","    Q1_9 == 4 ~ ""Equally Likely as Unlikely"","
"0","    Q1_9 == 5 ~ ""Somewhat Likely"","
"0","    Q1_9 == 6 ~ ""Likely"","
"0","    Q1_9 == 7 ~ ""Very Likely"""
"0","  ))"
"0",""
"0","# Recode Q2_9"
"0","df1 <- df1 %>% "
"0","  mutate(Q2_9 = case_when("
"0","    Q2_9 == 1 ~ ""Minimal"","
"0","    Q2_9 == 2 ~ ""Minor"","
"0","    Q2_9 == 3 ~ ""Moderate"","
"0","    Q2_9 == 4 ~ ""Severe"","
"0","    Q2_9 == 5 ~ ""Catastrophic"""
"0","  ))"
"0",""
"0","# Recode educ"
"0","df1 <- df1 %>% "
"0","  mutate(educ = case_when("
"0","    educ == 1 ~ ""No HS"","
"0","    educ == 2 ~ ""HS Graduate"","
"0","    educ == 3 ~ ""Some College"","
"0","    educ == 4 ~ ""2-Year College"","
"0","    educ == 5 ~ ""4-Year College"","
"0","    educ == 6 ~ ""Post-Grad"""
"0","  ))"
"0",""
