{"working_dir":null,"default_chunk_options":{"echo":true},"chunk_definitions":[{"row":8,"row_count":1,"visible":true,"expansion_state":0,"options":{"engine":"r","label":"setup","include":false},"document_id":"A696EAE7","chunk_id":"csetup_chunk","chunk_label":"setup"},{"row":21,"row_count":1,"visible":true,"expansion_state":0,"options":{"engine":"r","label":"unnamed-chunk-68"},"document_id":"A696EAE7","chunk_id":"c3x2z26679ql4","chunk_label":"unnamed-chunk-1"},{"row":34,"row_count":1,"visible":true,"expansion_state":0,"options":{},"document_id":"A696EAE7","chunk_id":"c635z6ag0y6k0","chunk_label":"unnamed-chunk-2"},{"row":39,"row_count":1,"visible":true,"expansion_state":0,"options":{},"document_id":"A696EAE7","chunk_id":"cemur2io0xjwk","chunk_label":"unnamed-chunk-3"},{"row":45,"row_count":1,"visible":true,"expansion_state":0,"options":{},"document_id":"A696EAE7","chunk_id":"cc0b856plx9nf","chunk_label":"unnamed-chunk-4"},{"row":52,"row_count":1,"visible":true,"expansion_state":0,"options":{},"document_id":"A696EAE7","chunk_id":"c5wfbazladlvg","chunk_label":"unnamed-chunk-5"},{"row":61,"row_count":1,"visible":true,"expansion_state":0,"options":{},"document_id":"A696EAE7","chunk_id":"c467v7vz01acz","chunk_label":"unnamed-chunk-6"},{"row":107,"row_count":1,"visible":true,"expansion_state":0,"options":{},"document_id":"A696EAE7","chunk_id":"cq6q0g4zfmznr","chunk_label":"unnamed-chunk-7"},{"row":144,"row_count":1,"visible":true,"expansion_state":0,"options":{},"document_id":"A696EAE7","chunk_id":"c867ddrn9ory8","chunk_label":"unnamed-chunk-8"},{"row":163,"row_count":1,"visible":true,"expansion_state":0,"options":{},"document_id":"A696EAE7","chunk_id":"ci0qz3vi7owyp","chunk_label":"unnamed-chunk-9"},{"row":173,"row_count":1,"visible":true,"expansion_state":0,"options":{},"document_id":"A696EAE7","chunk_id":"ctj8zx29a2xua","chunk_label":"unnamed-chunk-10"},{"row":209,"row_count":1,"visible":true,"expansion_state":0,"options":{},"document_id":"A696EAE7","chunk_id":"c82jcpzyhzuoz","chunk_label":"unnamed-chunk-11"},{"row":240,"row_count":1,"visible":true,"expansion_state":0,"options":{},"document_id":"A696EAE7","chunk_id":"cqidjci1bus7d","chunk_label":"unnamed-chunk-12"},{"row":273,"row_count":1,"visible":true,"expansion_state":0,"options":{},"document_id":"A696EAE7","chunk_id":"cb7ahku2gdu35","chunk_label":"unnamed-chunk-13"},{"row":294,"row_count":1,"visible":true,"expansion_state":0,"options":{},"document_id":"A696EAE7","chunk_id":"cs4er0vvkhvox","chunk_label":"unnamed-chunk-14"}],"doc_write_time":1681863501}