{"working_dir":null,"default_chunk_options":{"echo":true},"chunk_definitions":[{"row":8,"row_count":1,"visible":true,"expansion_state":0,"options":{"engine":"r","label":"setup","include":false},"document_id":"73D4F6CA","chunk_id":"csetup_chunk","chunk_label":"setup"},{"row":21,"row_count":1,"visible":true,"expansion_state":0,"options":{"engine":"r","label":"unnamed-chunk-54"},"document_id":"73D4F6CA","chunk_id":"cu23dg4c3ac0e","chunk_label":"unnamed-chunk-1"},{"row":34,"row_count":1,"visible":true,"expansion_state":0,"options":{"engine":"r","label":"unnamed-chunk-55"},"document_id":"73D4F6CA","chunk_id":"cm6k6mdm8tjgr","chunk_label":"unnamed-chunk-2"},{"row":39,"row_count":1,"visible":true,"expansion_state":0,"options":{"engine":"r","label":"unnamed-chunk-56"},"document_id":"73D4F6CA","chunk_id":"cukb1yhkv70ub","chunk_label":"unnamed-chunk-3"},{"row":45,"row_count":1,"visible":true,"expansion_state":0,"options":{"engine":"r","label":"unnamed-chunk-57"},"document_id":"73D4F6CA","chunk_id":"cajx1abnf6qd7","chunk_label":"unnamed-chunk-4"},{"row":52,"row_count":1,"visible":true,"expansion_state":0,"options":{"engine":"r","label":"unnamed-chunk-58"},"document_id":"73D4F6CA","chunk_id":"cvbmhw2wnlrwm","chunk_label":"unnamed-chunk-5"},{"row":61,"row_count":1,"visible":true,"expansion_state":0,"options":{"engine":"r","label":"unnamed-chunk-59"},"document_id":"73D4F6CA","chunk_id":"c3y4erp3nq3x8","chunk_label":"unnamed-chunk-6"},{"row":107,"row_count":1,"visible":true,"expansion_state":0,"options":{"engine":"r","label":"unnamed-chunk-60"},"document_id":"73D4F6CA","chunk_id":"cbs1ptzrq4ual","chunk_label":"unnamed-chunk-7"},{"row":144,"row_count":1,"visible":true,"expansion_state":0,"options":{"engine":"r","label":"unnamed-chunk-61"},"document_id":"73D4F6CA","chunk_id":"c7i45tkh849zn","chunk_label":"unnamed-chunk-8"},{"row":163,"row_count":1,"visible":true,"expansion_state":0,"options":{"engine":"r","label":"unnamed-chunk-62"},"document_id":"73D4F6CA","chunk_id":"cauk1g98fvtz5","chunk_label":"unnamed-chunk-9"},{"row":173,"row_count":1,"visible":true,"expansion_state":0,"options":{"engine":"r","label":"unnamed-chunk-63"},"document_id":"73D4F6CA","chunk_id":"c0i748i1v2o51","chunk_label":"unnamed-chunk-10"},{"row":209,"row_count":1,"visible":true,"expansion_state":0,"options":{"engine":"r","label":"unnamed-chunk-64"},"document_id":"73D4F6CA","chunk_id":"cuup2zk9cog71","chunk_label":"unnamed-chunk-11"},{"row":240,"row_count":1,"visible":true,"expansion_state":0,"options":{"engine":"r","label":"unnamed-chunk-65"},"document_id":"73D4F6CA","chunk_id":"cx1n8himv87iy","chunk_label":"unnamed-chunk-12"},{"row":273,"row_count":1,"visible":true,"expansion_state":0,"options":{"engine":"r","label":"unnamed-chunk-66"},"document_id":"73D4F6CA","chunk_id":"cbdauzb5r31ta","chunk_label":"unnamed-chunk-13"},{"row":294,"row_count":1,"visible":true,"expansion_state":0,"options":{"engine":"r","label":"unnamed-chunk-67"},"document_id":"73D4F6CA","chunk_id":"cta9w9om7uhaz","chunk_label":"unnamed-chunk-14"}],"doc_write_time":1681859833,"chunk_rendered_width":700}